Startup Name ,City,INDUSTRY,Funding Stage,Amount,Funding Date,Investors,Founded Year
PlayTime Games,DELHI,ecommerce,Series-E,INR 942 Crore,29/02/2024,"Ranjan Pai, Prosus Ventures",2020.0
Rebel Foods,ahmedabad,BeautyTech,Pre-A,1440,18/08/2018,Lightspeed,2017.0
Freshworks,Kolkata,AgriTech,Pre-Series A,329 Cr,14 Jul 2020,Info Edge,2020.0
BigBasket,Mumbai,ecommerce,Series D,₹1405 Cr,31/03/2018,B Capital,2016.0
Ola,KOLKATA,EdTech,SERIES E,₹2223 Cr,24-08-2021,Falcon Edge,2017.0
VitalCare,New Delhi,Food Tech,Series C,₹65 Cr,06 Feb 2014,"Elevation Capital, Bain Capital, Matrix Partners",2014.0
PolicyBazaar,KOLKATA,SAAS,Series E,Undisclosed,17 Feb 2022,"Blume Ventures, Endiya Partners",2020.0
GreenGrow,Ahmedabad,Travel-Tech,ipo,488,05-05-2019,"SoftBank, Ratan Tata, Kunal Shah",2014.0
GroomGuru,HYDERABAD,AI ML,Series A,₹2195 Cr,26-08-2023,"General Atlantic, Ranjan Pai",2021.0
MediConnect,Noida,Ecommerce,PRE-SERIES A,295 Cr,2019/01/26,Steadview Capital,2014.0
Meesho,delhi,EdTech,Series B,291 Cr,26/04/2019,"TPG, B Capital, Steadview Capital",2018.0
RuPayPro,Calcutta,Health-Tech,IPO,₹142 Cr,2022/09/23,Accel,2020.0
Ola,Delhi,Electric-Vehicles,series e,3520,03-10-2016,"B Capital, Ranjan Pai",2008.0
Swiggy,Noida,SAAS,Pre-A,₹5 Cr,2021/07/02,"DST Global, Ratan Tata",2015.0
Curefoods,pune,SaaS,PRE-SEED,70 Cr,02-09-2020,"Goldman Sachs, 3one4 Capital, Prosus Ventures",2017.0
BillBoss,Noida,Fin-Tech,SERIES C,2202 Cr,12 Apr 2015,"Ratan Tata, Lightrock",2015.0
FitnessPlus,HYD,Saas,Series E,297 Cr,2013/08/10,"Temasek, SoftBank",2010.0
 GreenGrow,BOM,saas,Pre-IPO,INR 86 Crore,10 Aug 2016,"Info Edge, Bain Capital",2016.0
WellnessHub,NOIDA,SaaS,SEED,₹948 Cr,01-06-2023,"Norwest Venture, 3one4 Capital",2020.0
VillageMart ,HYD,Electric Vehicles,series_b,INR 145 Crore,2023/07/18,"Y Combinator, Coatue",2022.0
StyleHub,Noida,Logistics,BRIDGE,37 Cr,14-03-2023,Goldman Sachs,2021.0
Simplilearn,KOLKATA,Food Tech,Series B,"₹3,549 Cr",25/07/2019,"B Capital, Goldman Sachs",2018.0
BYJU'S,BOM,Electric Vehicles,Series-E,INR 713 Crore,2023/01/10,"Goldman Sachs, Bain Capital",2021.0
WealthWiz,pune,PROPTECH,Pre-IPO,₹76 Cr,2016/09/20,"Steadview Capital, Peak XV Partners",2008.0
 BizConnect,Kolkata,saas,bridge,702,2019/05/05,Y Combinator,2018.0
FlyHigh,pune,FINTECH,bridge,INR 121 Crore,15-09-2023,"Bain Capital, Kalaari Capital, 3one4 Capital",2021.0
MediConnect,Bangalore,Electric Vehicles,seed,₹2226 Cr,,Norwest Venture,2015.0
EduSmart,Madras,Saas,Series C,INR 6 Crore,14 Oct 2010,"B Capital, Naspers",2008.0
RuPayPro,AHMEDABAD,Travel-Tech,SERIES D,3541 Cr,2020/03/14,"Bain Capital, Lightrock, Temasek",2019.0
CodeCraft,Hyderabad,saas,Pre-Seed,₹29 Cr,10 Oct 2017,"Endiya Partners, Inventus Capital, Matrix Partners",2017.0
GreenWheels,Hyderabad,Prop-Tech,Bridge,INR 139 Crore,14-12-2020,"Ratan Tata, Norwest Venture",2010.0
PharmEasy,HYD,Edtech,Pre-A,₹722 Cr,2019/05/25,"3one4 Capital, Ratan Tata",2018.0
MediConnect,New Delhi,Electric-Vehicles,SERIES C,₹178 Cr,,"Info Edge, Sequoia Capital",2020.0
MediConnect,Noida,Prop-Tech,Pre-IPO,51 Cr,03-02-2021,"Matrix Partners, Accel, B Capital",2016.0
MPL,Gurgaon,Food-Tech,Pre-Series A,180,30 Oct 2021,"Lightspeed, Matrix Partners, Goldman Sachs",2021.0
MPL,MUMBAI,AIML,series e,INR 97 Crore,06-10-2022,"DST Global, Accel",2022.0
 BYJU'S,GURUGRAM,FoodTech,IPO,₹688 Cr,24-01-2012,"Mukesh Bansal, Y Combinator, General Atlantic, Kalaari Capital",2012.0
FarmTech,Pune,FoodTech,Pre Series A,INR 55 Crore,03-04-2013,"Temasek, Tiger Global",2012.0
Mamaearth,Delhi,healthtech,PRE-SEED,INR 23 Crore,21-05-2021,"Info Edge, Lightspeed",2017.0
AgriBoost,MUMBAI,AI/ML,series b,₹89 Cr,11-01-2010,"Steadview Capital, Prosus Ventures",2010.0
 RuPayPro ,Bengaluru,EV,PRE-SEED,₹186 Cr,03/07/2023,"Mukesh Bansal, Matrix Partners, Peak XV Partners",2021.0
Streamly,New Delhi,AIML,SERIES C,84 Cr,22/02/2024,"Mukesh Bansal, Sequoia Capital",
 1mg,Delhi,PropTech,IPO,Undisclosed,01/09/2019,"Mukesh Bansal, Prosus Ventures, Coatue",2014.0
Ola,BOM,foodtech,IPO,₹919 Cr,12-07-2020,"Endiya Partners, Info Edge",2015.0
Pine Labs,NOIDA,healthtech,SERIES B,₹99 Cr,2024/04/14,"Ranjan Pai, Naspers, Inventus Capital",2010.0
Zomato,mumbai,Food-Tech,ipo,₹35 Cr,01 Jul 2019,"Inventus Capital, Lightrock, Ratan Tata, B Capital",2018.0
Rebel Foods,GURUGRAM,GAMING,Preseed,INR 475 Crore,04/03/2023,"B Capital, Sequoia Capital",2022.0
AgriBoost,Hyderabad,Electric-Vehicles,Series-D,Undisclosed,18 May 2024,Bain Capital,2020.0
Zerodha,hyderabad,PROPTECH,SERIES A,940 Cr,2023/11/18,"Goldman Sachs, Inventus Capital, Kunal Shah",2019.0
 RuralKart,chennai,AI-ML,Series-B,₹711 Cr,26-03-2024,Endiya Partners,2022.0
ExamReady,bangalore,Agri Tech,Pre-IPO,38,10-02-2021,"Kalaari Capital, Y Combinator",2021.0
InMobi,Ahmedabad,Logistics,Series-C,₹122 Cr,19/02/2017,"Mukesh Bansal, Y Combinator, Sequoia Capital, Endiya Partners",2015.0
Flipkart,Noida,Games,Series B,₹89 Cr,22-04-2024,"Elevation Capital, Nexus Venture Partners",2022.0
LearnLive,GURUGRAM,FOOD-TECH,PRE-SEED,₹26 Cr,01 May 2019,Accel,2010.0
SmartScholar,NOIDA,AI-ML,ipo,₹189 Cr,2023/06/25,TPG,2019.0
Blinkit,GURUGRAM,Electric Vehicles,Series A,2196,2023/07/12,Peak XV Partners,2022.0
WhiteHat Jr,HYDERABAD,Saas,SERIES B,2250,2024/05/31,"Blume Ventures, DST Global, Y Combinator",2019.0
 LearnLive,Noida,FinTech,Series D,INR 3512 Crore,01/02/2020,"General Atlantic, Lightspeed, Blume Ventures",2019.0
MPL,Mumbai,Health-Tech,Series C,₹677 Cr,20/11/2023,"Accel, General Atlantic, Ranjan Pai, Lightrock",2017.0
Urban Company,PUNE,foodtech,SERIES A,53,28-08-2021,"SoftBank, Matrix Partners, Inventus Capital",2010.0
BillBoss,Hyderabad,Health-Tech,ipo,55 Cr,05-08-2022,Norwest Venture,2019.0
NanoTech Solutions,Madras,gaming,Pre-Seed,₹23 Cr,2021/03/13,"SoftBank, Naspers",2017.0
CashFlow,ahmedabad,Agri-Tech,Seed,₹497 Cr,09-11-2020,"Lightspeed, Norwest Venture, Naspers",2017.0
NanoTech Solutions,CHENNAI,Agri Tech,Series-E,87,,"Sequoia Capital, Info Edge",2018.0
FarmTech,Kolkata,SaaS,Pre Series A,2231,01/05/2015,"Coatue, Kunal Shah",2014.0
InstaLoan,bangalore,E-Commerce,series a,"₹1,420 Cr",10-02-2022,"Bain Capital, Sequoia Capital, Elevation Capital",2015.0
ShopEasy,pune,AIML,seed,₹83 Cr,04/05/2017,"Peak XV Partners, Accel, Bain Capital",
Simplilearn ,Bengaluru,fintech,Pre-Seed,923 Cr,,Falcon Edge,2015.0
Zomato,pune,PROPTECH,SERIES E,₹450 Cr,,"Kalaari Capital, TPG, Goldman Sachs",2010.0
HealthLink,Noida,logistics,seed,INR 466 Crore,07/05/2021,"Blume Ventures, Ratan Tata, Y Combinator",2008.0
Razorpay,PUNE,AIML,Pre-A,121 Cr,22 Jun 2020,"Accel, Matrix Partners, 3one4 Capital",2020.0
AgroPlus,NEW DELHI,AI/ML,Series-E,98 Cr,,"Naspers, Mukesh Bansal, General Atlantic",2015.0
Mamaearth,BENGALURU,Food-Tech,series b,Undisclosed,2024/04/28,"General Atlantic, Lightrock",2014.0
Zepto,gurgaon,saas,bridge,INR 498 Crore,2021/09/05,,2020.0
CropCare,Bombay,Food-Tech,ipo,₹42 Cr,10 Dec 2019,Mukesh Bansal,2010.0
 Lenskart,Calcutta,SaaS,seed,484 Cr,30-01-2023,General Atlantic,2021.0
Games24x7,CHENNAI,Health Tech,Seed,INR 65 Crore,03 Jun 2018,"Ranjan Pai, Sequoia Capital, Kalaari Capital",
PlayTime Games,delhi,HealthTech,SERIES A,₹182 Cr,06 Nov 2021,,2010.0
CodeCraft,ahmedabad,SAAS,Series-C,99 Cr,17/04/2020,Nexus Venture Partners,2020.0
Rebel Foods,Ahmedabad,PropTech,SERIES E,₹47 Cr,30 Jun 2023,"Chiratae Ventures, SoftBank",2010.0
FreshDeli,Gurgaon,FoodTech,seed,683 Cr,22/04/2020,"Elevation Capital, Bain Capital, Lightrock, Mukesh Bansal",2014.0
CreditMate,HYD,agritech,Series-C,50 Cr,26-05-2023,"Coatue, Matrix Partners, Peak XV Partners, Naspers",2017.0
CureFit,NOIDA,BEAUTYTECH,SERIES A,₹54 Cr,2019/12/06,Mukesh Bansal,2015.0
Vedantu,PUNE,AGRITECH,series d,₹445 Cr,30-04-2022,"TPG, 3one4 Capital, Coatue",2010.0
BoldFoods,Kolkata,logistics,Series-A,167 Cr,08-09-2010,"Info Edge, TPG",2010.0
SmartShop,Bangalore,Agri-Tech,Series-E,INR 214 Crore,11-10-2022,"B Capital, TPG, Matrix Partners",2021.0
TutorMate,NOIDA,BEAUTYTECH,Series-D,INR 317 Crore,26-09-2023,Y Combinator,2018.0
EcoMotor,BOM,Fin-Tech,Bridge,INR 2242 Crore,09 Jan 2018,"Endiya Partners, Matrix Partners, Chiratae Ventures",2010.0
Zepto,BENGALURU,logistics,series_b,455 Cr,03-06-2021,"Nexus Venture Partners, Blume Ventures, Prosus Ventures, Accel",2015.0
EduCloud,Bangalore,gaming,Pre-Series A,45,27/10/2021,"Mukesh Bansal, Sequoia Capital",2019.0
Simplilearn,HYD,SaaS,Pre-IPO,41,22 Jan 2019,,2018.0
WhiteHat Jr ,BLR,Electric Vehicles,series a,16,30/09/2022,"B Capital, Temasek, SoftBank",2020.0
FinSphere,pune,GAMING,Series C,Undisclosed,16/05/2022,"Temasek, Goldman Sachs",2016.0
 VitalCare,Pune,BeautyTech,Series-C,3522 Cr,21/05/2022,Goldman Sachs,2014.0
Cred,HYDERABAD,SAAS,Series-A,₹2214 Cr,27-03-2022,"Ranjan Pai, Nexus Venture Partners",2014.0
GlowUp,Calcutta,Electric-Vehicles,Pre Seed,24,12/05/2019,"Endiya Partners, Temasek",2018.0
Studyo,Bengaluru,AIML,SERIES A,₹14 Cr,03-01-2023,"Coatue, Ranjan Pai",2021.0
BrightSpark,Bombay,HealthTech,Bridge,INR 111 Crore,24-03-2019,"Nexus Venture Partners, Endiya Partners",2017.0
Meesho ,bengaluru,BEAUTYTECH,series b,2231 Cr,13-02-2024,"Temasek, Endiya Partners",2018.0
WealthWiz,Kolkata,Food-Tech,Seed,INR 34 Crore,2023/01/03,"Elevation Capital, Info Edge, Endiya Partners",2021.0
GreenLogistics,Pune,AI/ML,SERIES C,₹914 Cr,,"General Atlantic, Naspers",2019.0
LearnLive,ahmedabad,Gaming,SERIES D,40 Cr,2022/01/17,Nexus Venture Partners,2022.0
Simplilearn,Chennai,E-Commerce,PRE-SERIES A,"₹2,221 Cr",17-11-2019,"Y Combinator, Kalaari Capital",2018.0
StyleHub,Noida,Electric-Vehicles,Seed,151,30-03-2015,"Endiya Partners, Lightrock",2012.0
Flipkart,NOIDA,TravelTech,SERIES E,INR 136 Crore,11 Aug 2021,Goldman Sachs,2018.0
Zerodha,hyderabad,PROPTECH,SERIES A,940 Cr,2023/11/18,"Goldman Sachs, Inventus Capital, Kunal Shah",2019.0
CleanSlate,Ahmedabad,Fintech,Series-C,3525 Cr,2021/02/24,"General Atlantic, Peak XV Partners, B Capital",2015.0
ChargeNow,BENGALURU,healthtech,SEED,58 Cr,18-07-2019,"Naspers, Kunal Shah",2019.0
Urban Company,KOLKATA,PROPTECH,Series-B,₹112 Cr,19-05-2020,"Matrix Partners, Prosus Ventures",2010.0
HealthLink,Noida,Games,SERIES E,₹26 Cr,19/11/2021,"General Atlantic, Lightspeed, Ranjan Pai",2017.0
Studyo,Gurugram,Food-Tech,series_b,3545,16 Jun 2020,"General Atlantic, DST Global",2014.0
Harvestify,AHMEDABAD,Agri Tech,series b,8 Cr,22-09-2019,,2018.0
GreenBowl,pune,Edtech,Seed,INR 3503 Crore,27 Nov 2020,"Bain Capital, Norwest Venture, General Atlantic",2016.0
LearnLive ,hyderabad,LOGISTICS,Pre Seed,16 Cr,15-04-2021,"Inventus Capital, Goldman Sachs",2019.0
CreditMate,New Delhi,LOGISTICS,series_b,₹468 Cr,2016/11/03,"Prosus Ventures, Nexus Venture Partners, Y Combinator",
 RuralKart,DELHI,AI-ML,Series-D,₹44 Cr,2017/04/08,"3one4 Capital, Blume Ventures",2015.0
Dunzo,MUMBAI,AI/ML,Preseed,₹36 Cr,07-08-2017,"Lightrock, Kalaari Capital",2014.0
BillBoss,Hyderabad,Health-Tech,ipo,55 Cr,05-08-2022,Norwest Venture,2019.0
Paytm,Pune,EV,SERIES C,INR 3533 Crore,2024/06/02,DST Global,2019.0
EduSmart,MUMBAI,AI ML,PRE-SEED,84,08-06-2024,"Lightspeed, SoftBank",2015.0
VitalCare,ahmedabad,GAMING,series d,146 Cr,20-03-2017,Tiger Global,2017.0
HealthLink,Delhi,LOGISTICS,Bridge,684,01-07-2017,"SoftBank, B Capital, Kunal Shah",2017.0
MediQ,Mumbai,Games,ipo,37,13-03-2019,"Kunal Shah, Sequoia Capital, Endiya Partners",2016.0
Nykaa,DELHI,logistics,BRIDGE,₹3515 Cr,04-12-2023,General Atlantic,2021.0
PhonePe,Bombay,saas,SERIES A,216 Cr,10/05/2022,"Temasek, Bain Capital",2014.0
 RuralKart,NEW DELHI,Gaming,Pre Seed,INR 2229 Crore,08/07/2021,"Nexus Venture Partners, Falcon Edge, Mukesh Bansal",2014.0
BookMyService,Madras,AI ML,SERIES A,1443 Cr,21-01-2020,"Coatue, Nexus Venture Partners",2015.0
QuickFix,Gurgaon,ECOMMERCE,SERIES A,INR 284 Crore,2021/03/17,"Matrix Partners, Temasek, Ratan Tata",2017.0
 DocOnTime,NOIDA,PROPTECH,SERIES A,152,20 Mar 2022,Sequoia Capital,2014.0
MakeMyTrip,NOIDA,gaming,IPO,"₹2,218 Cr",30 Jul 2023,TPG,2020.0
DermaPlus,Gurgaon,Health Tech,series e,711,07/01/2023,Elevation Capital,2019.0
Cuemath,PUNE,Beauty-Tech,Pre-Seed,₹21 Cr,03/04/2022,"Peak XV Partners, Ratan Tata",2019.0
Doubtnut,BOM,EDTECH,BRIDGE,Undisclosed,26-09-2021,Naspers,2012.0
GreenBowl,hyderabad,ecommerce,series_b,INR 44 Crore,15-07-2023,Mukesh Bansal,2021.0
Games24x7,AHMEDABAD,AI/ML,ipo,1406,15-12-2022,"Mukesh Bansal, Goldman Sachs",2016.0
FastTrack Logistics,hyderabad,Ecommerce,Pre Series A,₹1427 Cr,17/02/2018,"Y Combinator, Sequoia Capital",
DocOnTime,Calcutta,AI ML,Series-A,684 Cr,2024/05/31,"Ratan Tata, Nexus Venture Partners, Inventus Capital",2022.0
GreenBowl ,bangalore,AgriTech,series_a,Undisclosed,,"Lightspeed, Endiya Partners",2021.0
DocOnTime,CHENNAI,FOOD-TECH,Pre Seed,₹491 Cr,06/03/2022,"Accel, Coatue",2015.0
Swiggy,AHMEDABAD,FoodTech,BRIDGE,₹489 Cr,25-01-2016,,2008.0
Urban Company,Ahmedabad,AIML,Series-D,INR 108 Crore,2023/02/18,"General Atlantic, Coatue",2012.0
 Postman,PUNE,Health-Tech,Preseed,326 Cr,06/09/2022,Bain Capital,2015.0
HarvestPro,KOLKATA,AI/ML,Series E,79 Cr,04/08/2021,"TPG, Kunal Shah",2014.0
Curefoods ,NOIDA,TRAVELTECH,Seed,695,04/03/2021,Lightspeed,2014.0
GroomGuru,Noida,Gaming,SERIES E,3497,21 Mar 2021,"Accel, Naspers",2019.0
StyleHub,Chennai,Games,SERIES E,25,05 Jan 2016,"Steadview Capital, Lightrock",2015.0
 Curefoods,BLR,Food-Tech,Preseed,2230,14-03-2024,"General Atlantic, Prosus Ventures, Tiger Global",2020.0
VitalCare,mumbai,TRAVELTECH,Preseed,₹283 Cr,2021/11/28,Accel,2016.0
Cuemath ,NEW DELHI,FINTECH,series_a,₹85 Cr,2024/03/01,"Mukesh Bansal, Bain Capital",2018.0
MediConnect,bengaluru,foodtech,SERIES C,304,2022/04/10,"3one4 Capital, Y Combinator",
Watchio,KOLKATA,HEALTHTECH,Bridge,₹147 Cr,2009/04/11,"Matrix Partners, Ratan Tata",2008.0
BillBoss,Mumbai,BEAUTYTECH,Series D,₹58 Cr,19-07-2018,"Mukesh Bansal, Falcon Edge",2018.0
FinSphere,HYDERABAD,Prop-Tech,series d,₹229 Cr,24/02/2023,"Elevation Capital, Tiger Global",2015.0
Mamaearth,NOIDA,AgriTech,series_b,117 Cr,20-03-2021,"General Atlantic, Endiya Partners, Temasek, Sequoia Capital",2015.0
EcoMotor,bengaluru,gaming,SERIES A,2244 Cr,19 Feb 2024,"Y Combinator, Info Edge",2022.0
FinSphere,Noida,saas,Seed,₹119 Cr,26-01-2016,"Lightspeed, Elevation Capital",2016.0
Practo,Gurugram,Beauty-Tech,SERIES D,₹103 Cr,15-07-2022,Tiger Global,2021.0
Watchio,GGN,PropTech,ipo,₹213 Cr,30/11/2022,"General Atlantic, Steadview Capital",2012.0
MakeMyTrip,NOIDA,Electric Vehicles,series c,2202 Cr,27 Feb 2023,Info Edge,2022.0
Dream11 ,MUMBAI,EV,Pre Seed,134 Cr,2021/09/16,"Lightrock, Inventus Capital, Lightspeed",2019.0
RuPayPro,Bombay,BeautyTech,BRIDGE,197,22-07-2017,"Chiratae Ventures, Tiger Global",2012.0
FlyHigh,Ahmedabad,AGRITECH,ipo,23 Cr,14-06-2021,Chiratae Ventures,2016.0
PayBuddy,pune,Gaming,series d,₹77 Cr,2024/01/17,"Naspers, Bain Capital, B Capital",
MediQ,chennai,Beauty-Tech,SEED,₹111 Cr,08-02-2019,"TPG, Lightspeed, Elevation Capital",2019.0
 CureFit,pune,Gaming,series b,1442,30 Mar 2024,Y Combinator,2017.0
RentalHub,chennai,Ecommerce,SERIES C,₹31 Cr,2016/06/07,"Bain Capital, B Capital",
DermaPlus,Madras,AI/ML,SERIES B,₹291 Cr,23/05/2011,TPG,2008.0
FitnessPlus,Pune,AI/ML,Series-E,1430 Cr,06-06-2024,Chiratae Ventures,2022.0
GreenWheels ,GGN,Ecommerce,Series-B,₹930 Cr,13/05/2023,"Inventus Capital, Endiya Partners, Lightspeed",2022.0
 PropMart,Pune,AI/ML,series b,₹5 Cr,18 Feb 2023,"Y Combinator, Steadview Capital, Bain Capital",2012.0
CureFit,MUMBAI,Ecommerce,PRE-SEED,INR 3540 Crore,30/08/2021,Lightrock,2015.0
StayEasy,HYD,E-Commerce,Series A,"₹2,249 Cr",17/10/2022,"Chiratae Ventures, Y Combinator",2021.0
Swiggy,GGN,FINTECH,IPO,INR 45 Crore,30 Apr 2016,"Temasek, Inventus Capital, Goldman Sachs",2010.0
QuickPay India,Ahmedabad,AI-ML,Series-C,13,28 Sep 2020,"Temasek, DST Global, Inventus Capital",2010.0
CleanSlate,KOLKATA,AI/ML,Series-D,315,2022/11/22,"Lightspeed, Matrix Partners",2021.0
PropMart,Delhi,Edtech,SERIES B,3534 Cr,06 May 2019,Steadview Capital,2012.0
FlyHigh,NOIDA,BEAUTYTECH,SEED,291,28-03-2023,"Kunal Shah, Goldman Sachs",2020.0
MakeMyTrip,Madras,TRAVELTECH,Bridge,2203 Cr,2010/10/14,Coatue,2008.0
ClassroomX,NOIDA,Fintech,bridge,₹1418 Cr,23-03-2022,"3one4 Capital, Peak XV Partners, Kunal Shah, Matrix Partners",2022.0
WealthWiz,Kolkata,Gaming,IPO,₹3549 Cr,2008/02/22,Elevation Capital,2008.0
ShopEasy,BENGALURU,Games,Series E,47,02/03/2014,"Lightrock, Matrix Partners, Mukesh Bansal",2008.0
VitalCare,KOLKATA,Beauty-Tech,series c,₹56 Cr,21-07-2022,Kalaari Capital,2015.0
FetchIt,BENGALURU,Gaming,series_a,150 Cr,03-04-2024,Norwest Venture,2022.0
BillBoss,Bengaluru,AI/ML,SERIES B,₹64 Cr,24 Oct 2023,"Lightrock, Goldman Sachs, Matrix Partners",2022.0
TaskHero,Calcutta,logistics,SEED,51,02 Jan 2023,"B Capital, Falcon Edge",2022.0
Swiggy,Hyderabad,ev,Pre Seed,295 Cr,18 Jan 2017,"Ranjan Pai, Naspers, DST Global",2015.0
1mg,GGN,FOOD-TECH,Bridge,INR 2245 Crore,25 May 2024,"Ranjan Pai, Falcon Edge, Info Edge",2012.0
CreditMate,Calcutta,Health Tech,Seed,₹289 Cr,09 Aug 2016,"3one4 Capital, Coatue",2010.0
BigBasket,Calcutta,TravelTech,Pre-Seed,Undisclosed,30 Aug 2021,Chiratae Ventures,2021.0
BookMyService,KOLKATA,AI/ML,SEED,₹726 Cr,29/01/2019,"Kalaari Capital, Peak XV Partners, Elevation Capital, Ranjan Pai",2019.0
Ola,pune,PROPTECH,Series-E,727,20 Mar 2023,Naspers,2021.0
MediConnect,NOIDA,Health-Tech,SEED,Undisclosed,2019/01/15,"Prosus Ventures, Bain Capital, Nexus Venture Partners",2019.0
Mamaearth,HYD,PropTech,Series D,"₹2,235 Cr",19 Sep 2018,"Chiratae Ventures, TPG, Bain Capital",2012.0
TripScribe,delhi,HEALTHTECH,Pre-A,₹933 Cr,,"Ranjan Pai, B Capital",2012.0
 Udaan,GURUGRAM,GAMING,Series A,480 Cr,,"Y Combinator, DST Global",2021.0
BoldFoods,Hyderabad,AGRITECH,Series C,INR 1449 Crore,06-08-2013,B Capital,2010.0
Ola,hyderabad,AI/ML,series c,₹1429 Cr,2021/02/25,Tiger Global,2015.0
Postman,pune,AIML,SEED,₹2205 Cr,10/07/2018,"General Atlantic, Naspers",2017.0
AgriConnect,hyderabad,Electric Vehicles,Pre-Series A,₹686 Cr,25 Jan 2024,"DST Global, Naspers",2010.0
 FinSphere,CHENNAI,TravelTech,Series-B,927 Cr,09 Nov 2020,"General Atlantic, Y Combinator, SoftBank, Nexus Venture Partners",2019.0
HealthLink,ahmedabad,AI ML,Series-E,INR 700 Crore,16-03-2021,"DST Global, Temasek",2021.0
OYO,DELHI,Logistics,Pre-A,₹8 Cr,2022/03/07,"Nexus Venture Partners, Lightrock",2022.0
PropMart,Delhi,TRAVELTECH,series c,₹2201 Cr,06/10/2023,"SoftBank, Info Edge",2021.0
CureFit,NOIDA,BEAUTYTECH,SERIES A,₹54 Cr,2019/12/06,Mukesh Bansal,2015.0
QuickPay India,Ahmedabad,saas,SERIES C,₹915 Cr,25 Dec 2010,"Naspers, Nexus Venture Partners, Ranjan Pai",2010.0
DocOnTime,mumbai,TRAVELTECH,SEED,3529 Cr,10/01/2021,"Accel, Falcon Edge",2019.0
PlayTime Games,NOIDA,AI ML,series e,₹475 Cr,23/06/2022,"Norwest Venture, Matrix Partners",2022.0
MediConnect,chennai,Prop-Tech,series d,₹277 Cr,15 Feb 2017,"Peak XV Partners, Sequoia Capital",2016.0
CropCare,gurgaon,E-commerce,ipo,"₹3,518 Cr",15-09-2021,Ranjan Pai,2021.0
Practo,ahmedabad,E-commerce,SERIES A,INR 121 Crore,02 Aug 2021,"Bain Capital, General Atlantic",2020.0
Practo,NOIDA,TRAVELTECH,IPO,INR 324 Crore,05-05-2012,"Info Edge, Ranjan Pai, General Atlantic",2008.0
CleanSlate,NOIDA,Travel-Tech,Pre Series A,INR 3521 Crore,16-06-2023,"Peak XV Partners, Lightspeed",2012.0
Nykaa,pune,Agri Tech,Series-B,INR 1 Crore,29 Nov 2019,"Norwest Venture, Goldman Sachs, Nexus Venture Partners",2016.0
SmartScholar,AHMEDABAD,AI-ML,series b,₹145 Cr,23 Jun 2022,"Accel, DST Global, Y Combinator",2008.0
upGrad,Gurgaon,foodtech,ipo,₹3517 Cr,2020/07/21,"Endiya Partners, Matrix Partners, SoftBank",2016.0
BigBasket,Mumbai,PROPTECH,Pre-A,₹113 Cr,2022/06/25,"Accel, Matrix Partners, B Capital",2021.0
FundFlow,Bangalore,Prop-Tech,Series-C,28,10-07-2018,"SoftBank, Peak XV Partners",2010.0
GreenBowl,NOIDA,PROPTECH,Series B,INR 925 Crore,21 Aug 2022,"Matrix Partners, Blume Ventures",2021.0
FundFlow,AHMEDABAD,AI/ML,ipo,946 Cr,08 Nov 2017,"SoftBank, B Capital",
PlayTime Games,Chennai,Saas,Pre-Seed,215,04/08/2021,General Atlantic,2019.0
HealthLink,delhi,BEAUTYTECH,series d,303,23/07/2016,"Sequoia Capital, Ranjan Pai, TPG, Norwest Venture",
Rebel Foods,chennai,Saas,series_b,315 Cr,04 Sep 2022,Peak XV Partners,2018.0
EVStation,Chennai,Agri-Tech,series a,INR 914 Crore,02-11-2016,"SoftBank, Peak XV Partners",2010.0
ShopEasy,Noida,TRAVELTECH,Series E,₹117 Cr,2023/08/18,DST Global,2022.0
GreenWheels,ahmedabad,SAAS,Series B,INR 80 Crore,2024/01/12,"Lightspeed, Endiya Partners, B Capital",2012.0
SmartScholar,BENGALURU,GAMING,Bridge,INR 899 Crore,06/11/2022,SoftBank,2022.0
AgriConnect,BLR,Travel-Tech,Series-B,3526,2015/07/05,"Inventus Capital, 3one4 Capital, Prosus Ventures",2014.0
Postman,NOIDA,FoodTech,Seed,₹55 Cr,01/12/2016,"Y Combinator, Matrix Partners, Mukesh Bansal",2010.0
BoAt,DELHI,Prop-Tech,Series A,INR 1438 Crore,2023/12/14,"Accel, Inventus Capital",2019.0
ExamReady,HYD,saas,Series-B,₹47 Cr,22-02-2024,"Y Combinator, DST Global, Ranjan Pai",2020.0
TaskHero,pune,Games,BRIDGE,INR 186 Crore,28 Nov 2022,"Matrix Partners, Ranjan Pai",2015.0
FreshDeli,Gurgaon,FT,Series B,306,20 Aug 2021,"Info Edge, Peak XV Partners",2008.0
AgriConnect,NOIDA,TRAVELTECH,bridge,694 Cr,2018/06/22,"Coatue, Peak XV Partners",2018.0
 VitalCare,BLR,AgriTech,Pre Series A,INR 456 Crore,08-03-2022,B Capital,2017.0
AgriBoost,HYD,GAMING,Pre-Series A,Undisclosed,2019/12/15,"Elevation Capital, Naspers, Norwest Venture",2010.0
Paytm,NOIDA,Health-Tech,Series-A,INR 69 Crore,02 Sep 2022,"Ranjan Pai, Peak XV Partners, Steadview Capital",2019.0
VitalCare,Bengaluru,Agri Tech,SERIES C,INR 1431 Crore,20-12-2016,"Info Edge, SoftBank, Blume Ventures, Elevation Capital",
SmartShop,Noida,Travel-Tech,series_b,₹13 Cr,21-12-2020,"Norwest Venture, B Capital",2019.0
BillBoss,MUMBAI,fintech,Seed,"₹3,531 Cr",05-04-2021,"Ratan Tata, Tiger Global",2014.0
Mamaearth,ahmedabad,EV,series c,87 Cr,10/06/2022,"Sequoia Capital, Kalaari Capital",2014.0
Games24x7,Gurugram,saas,Pre-Series A,₹1398 Cr,04 Apr 2021,"Kalaari Capital, Accel, Naspers, DST Global",2012.0
WhiteHat Jr,Noida,AI ML,PRE-SERIES A,65,,"Norwest Venture, Kunal Shah",2022.0
PlayTime Games,Chennai,Travel-Tech,Pre-IPO,59 Cr,02/07/2022,"Temasek, Naspers, Endiya Partners",2019.0
StyleHub,bangalore,BEAUTYTECH,Series-A,INR 705 Crore,28 Feb 2019,"Matrix Partners, Ratan Tata, General Atlantic, SoftBank",2018.0
FastTrack Logistics,Pune,AI-ML,Series C,Undisclosed,20-04-2024,"Ratan Tata, Blume Ventures",2021.0
Meesho,chennai,saas,Series-C,₹126 Cr,04/03/2022,"Naspers, Kunal Shah, Norwest Venture",2017.0
FitnessPlus,Delhi,FinTech,seed,₹3545 Cr,10 May 2020,"Coatue, Lightspeed",2020.0
Studyo,KOLKATA,Food-Tech,Seed,46,16/09/2017,"Lightrock, Tiger Global",2017.0
RouteMap,Calcutta,ecommerce,Series-C,INR 1439 Crore,2017/08/27,"Kalaari Capital, Naspers",2014.0
Swiggy,Noida,SAAS,Pre-A,₹5 Cr,2021/07/02,"DST Global, Ratan Tata",2015.0
Watchio ,HYD,BeautyTech,Bridge,₹325 Cr,07/06/2022,"Goldman Sachs, Sequoia Capital, SoftBank, Mukesh Bansal",2020.0
GreenBowl,pune,Edtech,Seed,INR 3503 Crore,27 Nov 2020,"Bain Capital, Norwest Venture, General Atlantic",2016.0
PlayTime Games,Bangalore,Travel-Tech,Pre-Series A,1410,10-03-2023,Temasek,2008.0
Cred,gurgaon,AI/ML,Pre-Seed,₹88 Cr,2023/09/16,"Endiya Partners, Kalaari Capital",2022.0
Paytm,Gurgaon,TRAVELTECH,Seed,₹142 Cr,2020/04/03,"SoftBank, 3one4 Capital, Elevation Capital",2019.0
Harvestify,Bangalore,GAMING,BRIDGE,₹497 Cr,30-08-2016,SoftBank,
GroomGuru,AHMEDABAD,logistics,ipo,₹192 Cr,01 May 2014,Info Edge,2014.0
EduSmart,NOIDA,AGRITECH,series_a,193,01 Sep 2020,Ranjan Pai,2010.0
Harvestify,mumbai,TRAVELTECH,Pre Series A,₹41 Cr,22 Sep 2022,"Y Combinator, Ranjan Pai, Matrix Partners, DST Global",2019.0
HarvestPro,PUNE,TRAVELTECH,series_a,₹3527 Cr,27-02-2022,"Blume Ventures, 3one4 Capital, B Capital",2019.0
TaskHero,HYDERABAD,PropTech,Series-E,INR 297 Crore,08-10-2022,"Temasek, TPG",2022.0
Zoho,Ahmedabad,Agri Tech,Pre Seed,₹129 Cr,02-03-2020,"Info Edge, Accel, Lightspeed",2016.0
InMobi,Ahmedabad,Agri Tech,Bridge,₹699 Cr,29/02/2024,"SoftBank, Prosus Ventures, Bain Capital",2022.0
Games24x7,ahmedabad,PROPTECH,Pre-IPO,₹489 Cr,09-11-2018,TPG,2018.0
BigBasket,gurgaon,BeautyTech,Pre-Series A,Undisclosed,09/12/2021,Prosus Ventures,2018.0
HarvestPro,Madras,BeautyTech,Pre-IPO,₹28 Cr,2024/06/04,,2022.0
WhiteHat Jr,KOLKATA,ECOMMERCE,Pre-Series A,98 Cr,18-07-2016,"Ratan Tata, Naspers, General Atlantic, Nexus Venture Partners",2016.0
PayBuddy,NOIDA,Gaming,Series-D,₹1416 Cr,13/06/2021,TPG,2010.0
DataLake,Ahmedabad,Logistics,Pre-Seed,2196,07-12-2021,"Falcon Edge, Peak XV Partners, Y Combinator",2008.0
 Vedantu,NOIDA,HealthTech,Series-A,"₹1,413 Cr",24 Apr 2022,"Naspers, B Capital",2021.0
BookMyService,Madras,E-Commerce,series d,66 Cr,16/10/2023,Elevation Capital,2018.0
Nykaa,MUMBAI,GAMING,PRE-SEED,₹2244 Cr,22 Mar 2019,"Goldman Sachs, Nexus Venture Partners",2019.0
CleanSlate,CHENNAI,HEALTHTECH,ipo,₹281 Cr,2018/04/12,"Coatue, Elevation Capital",2016.0
Vedantu,Noida,foodtech,Seed,Undisclosed,2019/01/30,"SoftBank, Prosus Ventures, Coatue, Inventus Capital",
FinSphere,pune,GAMING,Series C,Undisclosed,16/05/2022,"Temasek, Goldman Sachs",2016.0
InstaKart India,NOIDA,Food Tech,series d,INR 11 Crore,28 Mar 2022,"Nexus Venture Partners, Accel",2017.0
GameForge,Gurugram,logistics,Series-C,₹914 Cr,18 Jul 2020,"Tiger Global, 3one4 Capital, Coatue",2019.0
Postman,BOM,BEAUTYTECH,series_b,INR 21 Crore,2020/02/03,"Prosus Ventures, TPG, Chiratae Ventures",
Paytm,Bangalore,EDTECH,series b,"₹1,423 Cr",2012/04/30,"Ranjan Pai, Bain Capital",2012.0
GreenGrow,gurgaon,FOOD-TECH,Series-A,900,05/01/2022,"SoftBank, Lightspeed",2010.0
CodeCraft,NOIDA,BEAUTYTECH,Seed,₹156 Cr,2012/10/27,"TPG, Lightrock",2010.0
EcoMotor,BOM,AI ML,Series C,Undisclosed,2021/07/08,"Tiger Global, Coatue",2019.0
Eruditus,Noida,GAMING,series d,470 Cr,29 May 2023,,2018.0
1mg,New Delhi,Food Tech,Pre Series A,INR 228 Crore,2014/12/19,"Tiger Global, Kalaari Capital",2014.0
 DigiKart,Madras,BeautyTech,series c,2249,06/03/2015,"Lightspeed, Bain Capital, Temasek",2012.0
Rebel Foods,Kolkata,AIML,SERIES E,₹59 Cr,2019/01/28,"Inventus Capital, Peak XV Partners",2015.0
GlowUp,Kolkata,PROPTECH,Series-E,Undisclosed,2020/07/25,"Y Combinator, DST Global",2020.0
GreenGrow,BOM,Ed-Tech,PRE-SERIES A,INR 42 Crore,23-04-2017,"Temasek, Inventus Capital, Lightrock, 3one4 Capital",2012.0
 PharmEasy,AHMEDABAD,Gaming,Series-B,₹1423 Cr,18-05-2023,General Atlantic,2022.0
TripScribe,Noida,PROPTECH,series c,₹687 Cr,2024/01/30,Coatue,2018.0
Zomato,GGN,HEALTHTECH,Pre-Seed,322 Cr,12-12-2022,"TPG, Lightspeed, Temasek",2019.0
AgriConnect,BLR,EV,ipo,₹713 Cr,22/06/2021,Nexus Venture Partners,2010.0
CleanSlate,PUNE,TRAVELTECH,seed,927,22-07-2019,"Kunal Shah, Peak XV Partners",2017.0
MediConnect,chennai,Prop-Tech,series d,₹277 Cr,15 Feb 2017,"Peak XV Partners, Sequoia Capital",2016.0
AgriBoost,Pune,HealthTech,SERIES C,₹471 Cr,07-02-2022,"Nexus Venture Partners, DST Global",
Cuemath,Calcutta,AI/ML,series e,INR 63 Crore,,"Prosus Ventures, Ranjan Pai, Chiratae Ventures",2008.0
VitalCare,mumbai,E-commerce,series_b,INR 939 Crore,30 Dec 2019,"SoftBank, Matrix Partners",2019.0
FastTrack Logistics,Ahmedabad,FoodTech,SERIES B,158,2023/04/28,"Tiger Global, Endiya Partners",2021.0
EduSmart,Calcutta,GAMING,ipo,INR 2250 Crore,,"Goldman Sachs, Lightrock, Inventus Capital",
VillageMart,bangalore,Beauty-Tech,Bridge,INR 2195 Crore,2021/06/14,"Goldman Sachs, Coatue, Y Combinator",2019.0
LearnLive,NOIDA,logistics,PRE-SERIES A,Undisclosed,,"Ratan Tata, Chiratae Ventures, Prosus Ventures",2015.0
InstaLoan,bangalore,E-Commerce,series a,"₹1,420 Cr",10-02-2022,"Bain Capital, Sequoia Capital, Elevation Capital",2015.0
VitalCare,ahmedabad,GAMING,series d,146 Cr,20-03-2017,Tiger Global,2017.0
PlayTime Games,Mumbai,Travel-Tech,series_b,Undisclosed,25-01-2020,"DST Global, Mukesh Bansal",2010.0
Swiggy,Mumbai,LOGISTICS,series d,178 Cr,12-03-2022,"Kunal Shah, Chiratae Ventures, Prosus Ventures, Temasek",
 FetchIt,Hyderabad,ECOMMERCE,Seed,₹684 Cr,12-11-2017,"Goldman Sachs, Mukesh Bansal",2017.0
 PayBuddy,delhi,LOGISTICS,series_a,82,04/01/2024,"Goldman Sachs, Prosus Ventures",2020.0
upGrad,hyderabad,AI ML,bridge,₹169 Cr,21-01-2020,"Goldman Sachs, Norwest Venture",2015.0
GreenWheels,chennai,AI/ML,Series-E,314 Cr,08 Apr 2024,Peak XV Partners,2022.0
EcoMotor,bengaluru,gaming,SERIES A,2244 Cr,19 Feb 2024,"Y Combinator, Info Edge",2022.0
CleanSlate,AHMEDABAD,E-Commerce,Series-E,₹96 Cr,19/11/2020,,2018.0
RouteMap,BLR,Electric Vehicles,Series D,3528 Cr,2012/03/24,Matrix Partners,2010.0
BookMyService,hyderabad,ecommerce,SEED,1411,13-02-2024,"Ratan Tata, Naspers, Elevation Capital",2019.0
 Harvestify,BLR,Fin-Tech,Series-D,INR 18 Crore,03 Sep 2018,"SoftBank, Coatue",2018.0
 TaskHero,PUNE,TravelTech,PRE-SEED,INR 326 Crore,2023/01/06,"Tiger Global, Nexus Venture Partners, Temasek",2018.0
CureFit,NOIDA,BEAUTYTECH,SERIES A,₹54 Cr,2019/12/06,Mukesh Bansal,2015.0
 InstaLoan,CHENNAI,EV,Bridge,923,15-11-2022,"3one4 Capital, DST Global",2010.0
Vedantu,CHENNAI,Food Tech,Series-B,726,06 Mar 2011,"Ranjan Pai, Ratan Tata, Kalaari Capital",2010.0
AgroPlus,AHMEDABAD,TravelTech,BRIDGE,495 Cr,31 Mar 2014,Chiratae Ventures,2012.0
Meesho,NOIDA,PropTech,Preseed,162 Cr,30 Nov 2023,"Steadview Capital, Y Combinator, Info Edge",2019.0
MoneyMint,Delhi,Saas,Series-D,INR 30 Crore,2022/09/16,"DST Global, Lightrock",2012.0
EVStation,chennai,BEAUTYTECH,SERIES C,₹184 Cr,27-08-2021,"Elevation Capital, Peak XV Partners, Accel",2019.0
ClassroomX,AHMEDABAD,AI/ML,seed,3520 Cr,31-03-2023,"Lightspeed, Blume Ventures",2022.0
PayBuddy,Gurugram,AIML,Seed,₹8 Cr,24 Nov 2022,"Lightrock, Temasek",2010.0
PharmEasy,hyderabad,Prop-Tech,series d,INR 13 Crore,2014/04/29,"Lightrock, General Atlantic, Goldman Sachs",2012.0
BeautyBox,BLR,Ecommerce,series b,INR 2239 Crore,18-01-2021,"Bain Capital, Nexus Venture Partners",2021.0
FitFusion,bengaluru,Beauty-Tech,PRE-SERIES A,₹91 Cr,13-06-2024,"Ratan Tata, Bain Capital, Ranjan Pai",2021.0
CureFit,Noida,Electric Vehicles,Pre Seed,93 Cr,18 Jul 2023,"Inventus Capital, Y Combinator",2021.0
TutorMate,hyderabad,Fintech,SERIES D,INR 58 Crore,2018/02/26,"Info Edge, Chiratae Ventures",
WhiteHat Jr,bangalore,ev,seed,₹3511 Cr,2020/11/04,Mukesh Bansal,2014.0
Blinkit,Bangalore,AI-ML,Series E,INR 95 Crore,09-10-2014,"Matrix Partners, Kunal Shah",2012.0
CreditMate,mumbai,EdTech,Pre-Seed,₹53 Cr,2023/03/28,"Matrix Partners, Y Combinator, Lightspeed, Tiger Global",2014.0
StayEasy,NOIDA,Electric Vehicles,Series-D,447,12/10/2022,"Endiya Partners, Kalaari Capital, Matrix Partners",2022.0
FitFusion,mumbai,EdTech,SERIES A,INR 3546 Crore,27-02-2017,"Y Combinator, Goldman Sachs",2017.0
 ShopEasy,GGN,fintech,Series-E,489 Cr,2020/12/13,"Steadview Capital, Lightspeed, Kunal Shah",2019.0
 Urban Company,Bangalore,Health-Tech,Series-B,₹68 Cr,2022/06/14,"Coatue, Goldman Sachs",2014.0
Razorpay,NEW DELHI,PropTech,series c,Undisclosed,21 Jun 2010,"Kalaari Capital, Norwest Venture",2010.0
PhonePe,Noida,BEAUTYTECH,Preseed,INR 1398 Crore,30-07-2016,"Bain Capital, General Atlantic",2016.0
Watchio,AHMEDABAD,HealthTech,Series-A,₹170 Cr,24-01-2019,"Lightrock, Goldman Sachs, Norwest Venture",2016.0
ShareChat,Gurugram,AIML,SERIES C,900,17 Feb 2021,"Ranjan Pai, Mukesh Bansal, SoftBank",2019.0
FundFlow,Noida,FT,IPO,₹709 Cr,23-06-2021,"Matrix Partners, Ratan Tata",2019.0
Practo,BLR,gaming,Series C,486 Cr,2019/03/09,"Peak XV Partners, Elevation Capital, B Capital",2018.0
VoltCar,HYD,Edtech,series_a,916 Cr,2022/10/31,"Lightrock, Peak XV Partners",2021.0
Swiggy,HYDERABAD,Beauty-Tech,Series C,INR 178 Crore,14-08-2020,"3one4 Capital, Kalaari Capital, Blume Ventures",2019.0
InMobi,gurgaon,BEAUTYTECH,Series-E,60,2024/05/30,"Goldman Sachs, Endiya Partners, Chiratae Ventures",2020.0
SmartScholar,Ahmedabad,saas,Series E,28,07-09-2017,"Matrix Partners, Ranjan Pai, Lightspeed, Mukesh Bansal",2015.0
Practo,Noida,SaaS,Series-D,INR 88 Crore,10-06-2019,"Lightspeed, Sequoia Capital",2015.0
FlyHigh,Bangalore,logistics,SEED,INR 728 Crore,2023/01/31,"Coatue, General Atlantic",2020.0
Curefoods,Ahmedabad,healthtech,bridge,₹79 Cr,2022/11/16,"Kunal Shah, Lightrock",2022.0
GreenBowl,Calcutta,Food Tech,IPO,187,25-07-2013,"Ratan Tata, 3one4 Capital",2012.0
MPL,Noida,FoodTech,Series-E,184 Cr,07/05/2023,"Accel, Blume Ventures, Kunal Shah",2019.0
Paytm,NOIDA,Health-Tech,Series-A,INR 69 Crore,02 Sep 2022,"Ranjan Pai, Peak XV Partners, Steadview Capital",2019.0
VoltCar,Noida,logistics,series_a,945 Cr,2021/09/08,"General Atlantic, Chiratae Ventures",2016.0
 FetchIt,Hyderabad,ECOMMERCE,Seed,₹684 Cr,12-11-2017,"Goldman Sachs, Mukesh Bansal",2017.0
NanoTech Solutions,KOLKATA,ev,PRE-SERIES A,INR 466 Crore,29/11/2023,"Naspers, DST Global",2022.0
FitnessPlus,pune,Health Tech,Seed,27 Cr,2019/08/10,"Ranjan Pai, Norwest Venture, General Atlantic",2018.0
Mamaearth,Pune,Logistics,series_b,2214 Cr,2018/08/25,"General Atlantic, Tiger Global",2014.0
CureFit,AHMEDABAD,TRAVELTECH,bridge,₹687 Cr,22/07/2017,"Nexus Venture Partners, Goldman Sachs, 3one4 Capital",
PharmEasy,Ahmedabad,Travel-Tech,Pre-A,INR 179 Crore,28 Apr 2024,"Accel, Matrix Partners",2020.0
FundFlow,Calcutta,Health-Tech,series_b,₹315 Cr,20-10-2022,"Matrix Partners, Blume Ventures, Elevation Capital",2022.0
ClassroomX,Ahmedabad,Agri-Tech,BRIDGE,INR 63 Crore,12/04/2015,"Coatue, Ranjan Pai",2012.0
Curefoods,Mumbai,LOGISTICS,series_b,₹21 Cr,2021/02/16,"Steadview Capital, Bain Capital",2010.0
Cuemath,HYDERABAD,Agri Tech,Preseed,Undisclosed,2021/06/09,Falcon Edge,2016.0
TutorMate,HYD,logistics,Series-D,INR 17 Crore,2023/05/08,,2022.0
FreshDeli,Calcutta,saas,Series-D,329 Cr,13-03-2019,"Chiratae Ventures, Tiger Global",2018.0
WhiteHat Jr,Noida,AI ML,PRE-SERIES A,65,,"Norwest Venture, Kunal Shah",2022.0
Mamaearth,GGN,foodtech,PRE-SEED,INR 1443 Crore,12/06/2022,"3one4 Capital, Ratan Tata",2014.0
BrightSpark,Noida,Ecommerce,bridge,Undisclosed,29-02-2008,"Chiratae Ventures, Prosus Ventures",2008.0
CodeCraft,ahmedabad,gaming,Preseed,₹924 Cr,28/09/2013,"Steadview Capital, Mukesh Bansal",2010.0
Cred,bangalore,EdTech,ipo,950,22 Apr 2021,Tiger Global,2020.0
AgriBoost,Delhi,Fintech,SERIES A,₹729 Cr,24-03-2024,"DST Global, Elevation Capital",2021.0
GreenWheels,Mumbai,Beauty-Tech,Series D,Undisclosed,2020/05/01,Endiya Partners,2020.0
ExamReady,NOIDA,BEAUTYTECH,Series A,INR 461 Crore,2019/09/01,"Chiratae Ventures, Blume Ventures, Peak XV Partners",2018.0
TripScribe,Pune,HealthTech,SERIES E,1421,16 Feb 2018,"TPG, Prosus Ventures",2017.0
Zerodha,ahmedabad,ECOMMERCE,Pre-IPO,₹54 Cr,31/12/2021,B Capital,2017.0
 RuPayPro,Pune,Edtech,IPO,129 Cr,13 Aug 2019,"Peak XV Partners, Goldman Sachs",2017.0
 QuickFix,GGN,ecommerce,Pre-IPO,Undisclosed,2022/06/02,"Elevation Capital, B Capital",2022.0
RuPayPro,Bombay,Agri Tech,series c,₹59 Cr,02 Jul 2013,"Steadview Capital, Matrix Partners",2008.0
BookMyService,Noida,HEALTHTECH,Series A,902 Cr,27 Oct 2023,"Kalaari Capital, Chiratae Ventures, Bain Capital",2021.0
Zepto,CHENNAI,AI-ML,Bridge,24 Cr,2023/11/24,"Blume Ventures, Inventus Capital",2018.0
BillBoss,KOLKATA,Saas,Seed,₹100 Cr,,"DST Global, Accel",2022.0
Blinkit,Calcutta,AIML,SERIES B,₹451 Cr,08-04-2024,"Lightspeed, Tiger Global",2015.0
AgriBoost,Kolkata,Games,SERIES B,3507 Cr,07/03/2023,"Prosus Ventures, Steadview Capital",2018.0
 AgroPlus,delhi,Saas,Series D,₹1408 Cr,13-12-2022,Inventus Capital,2010.0
1mg,GURUGRAM,EDTECH,seed,₹728 Cr,13/08/2016,"3one4 Capital, Naspers",2016.0
Curefoods,BOM,Food-Tech,series c,INR 2210 Crore,14-07-2021,"Chiratae Ventures, Steadview Capital, Sequoia Capital, Accel",2019.0
InvestEdge,KOLKATA,healthtech,Series-E,2219 Cr,28/09/2020,"Lightrock, Elevation Capital",2020.0
FundFlow,DELHI,logistics,SERIES E,Undisclosed,2023/07/24,"Temasek, General Atlantic, Prosus Ventures",2021.0
TechMantra,AHMEDABAD,BeautyTech,Series D,213,08-08-2018,"Lightrock, B Capital",2015.0
Postman,Kolkata,Ed-Tech,Pre-Seed,₹116 Cr,2017/12/17,SoftBank,2015.0
StayEasy ,bengaluru,Agri-Tech,series e,₹25 Cr,17-06-2020,"Blume Ventures, Prosus Ventures, Inventus Capital",2020.0
GreenBowl,Chennai,AI/ML,ipo,80 Cr,14/05/2022,Temasek,2022.0
MoneyMint,MUMBAI,ev,Series-B,58,2012/02/03,"Blume Ventures, Accel",2010.0
 Zoho,GURUGRAM,foodtech,Series E,44 Cr,2018/06/26,Nexus Venture Partners,2017.0
RuPayPro,CHENNAI,PropTech,Pre-IPO,94,16-10-2023,Naspers,2022.0
EcoMotor,Noida,E-commerce,PRE-SEED,₹718 Cr,2017/03/17,"Sequoia Capital, Peak XV Partners",2012.0
PayBuddy,gurgaon,Travel-Tech,bridge,686 Cr,2022/04/25,"Ranjan Pai, DST Global",2018.0
Practo,BENGALURU,Games,Bridge,₹4 Cr,15 Sep 2010,Ranjan Pai,2010.0
Cuemath,bengaluru,Travel-Tech,bridge,115,2024/04/19,"Steadview Capital, Tiger Global, Elevation Capital",2010.0
Unacademy,NOIDA,Edtech,Series E,INR 927 Crore,,"General Atlantic, Matrix Partners",2015.0
VillageMart,KOLKATA,FINTECH,seed,₹27 Cr,2022/08/30,"Lightrock, Ranjan Pai",2019.0
ShopEasy,BLR,ecommerce,IPO,INR 449 Crore,06 Jul 2021,"Y Combinator, Lightrock, Goldman Sachs",2010.0
InvestEdge,Gurgaon,EdTech,series b,₹53 Cr,22 Dec 2013,"Lightrock, Inventus Capital",2010.0
InMobi,NEW DELHI,AI ML,Series-C,₹1432 Cr,20-10-2020,"B Capital, 3one4 Capital, Bain Capital",2016.0
BeautyBox ,GURUGRAM,Agri Tech,PRE-SERIES A,183 Cr,05/10/2022,"Info Edge, Steadview Capital, Ratan Tata",2010.0
Swiggy,BENGALURU,agritech,SERIES E,INR 1 Crore,15/11/2019,"Ratan Tata, B Capital",2008.0
GlowUp,mumbai,AI-ML,Pre-Seed,1441 Cr,26-04-2019,Endiya Partners,2016.0
Dream11,Gurugram,Prop-Tech,Pre-IPO,INR 730 Crore,04-06-2020,"Norwest Venture, Lightrock, Mukesh Bansal",2014.0
EduSmart,pune,logistics,Series B,19,17 Apr 2023,"3one4 Capital, SoftBank, General Atlantic",2020.0
VitalCare,mumbai,E-commerce,series_b,INR 939 Crore,30 Dec 2019,"SoftBank, Matrix Partners",2019.0
GreenWheels,Delhi,LOGISTICS,Pre-Seed,30 Cr,10/12/2023,"Nexus Venture Partners, Info Edge",
FetchIt,Pune,E-commerce,Series E,41 Cr,2023/11/25,"Y Combinator, Accel",2021.0
AgroPlus,Bombay,AI-ML,Pre Seed,₹470 Cr,28/11/2023,"Sequoia Capital, Matrix Partners",2020.0
PropMart,Madras,Ed-Tech,bridge,INR 2201 Crore,13 May 2011,"Lightspeed, Blume Ventures, Accel",2010.0
PlayTime Games,HYD,Beauty-Tech,SERIES A,₹133 Cr,17-12-2018,"Steadview Capital, Mukesh Bansal",
TechMantra,Gurugram,SAAS,SERIES B,210 Cr,2018/07/17,"DST Global, Mukesh Bansal, Tiger Global",2017.0
Meesho,MUMBAI,Saas,bridge,1435 Cr,14-04-2015,"Bain Capital, Matrix Partners",2008.0
VillageMart,Gurugram,Edtech,PRE-SEED,896,01-11-2022,Lightspeed,2021.0
 TaskHero,Calcutta,FOOD-TECH,Preseed,486 Cr,16 May 2015,Falcon Edge,2014.0
FlyHigh,BOM,Prop-Tech,Seed,₹189 Cr,2023/05/04,3one4 Capital,2020.0
DigiKart,Kolkata,BeautyTech,Pre Seed,₹905 Cr,2018/08/19,"Sequoia Capital, Kalaari Capital",2010.0
upGrad,pune,TRAVELTECH,Series-A,₹65 Cr,22-07-2018,"Endiya Partners, Coatue",2008.0
Studyo,gurgaon,AI/ML,SERIES D,₹4 Cr,08/06/2024,"Coatue, Norwest Venture",2022.0
Zoho,CHENNAI,BeautyTech,series_a,INR 470 Crore,15/07/2016,"Elevation Capital, Ratan Tata",
Zoho,Calcutta,AGRITECH,Pre-Series A,41,24 Jul 2023,"DST Global, Norwest Venture",2018.0
Wheelify,pune,ev,Pre-Series A,125,2023/06/23,"Ranjan Pai, Kalaari Capital",2022.0
EduSmart,Pune,Travel-Tech,BRIDGE,₹2238 Cr,,Norwest Venture,2008.0
BoldFoods,Madras,Fin-Tech,SEED,₹1410 Cr,12-06-2016,"Lightspeed, SoftBank",2015.0
InstaKart India,chennai,Food Tech,Pre-Series A,₹115 Cr,16-04-2016,"Bain Capital, SoftBank",
GreenBowl,Kolkata,logistics,Series E,₹30 Cr,12/02/2023,"Y Combinator, Lightspeed, Nexus Venture Partners",2022.0
WhiteHat Jr,bangalore,AI-ML,Series-E,15,09/11/2020,"Elevation Capital, Lightrock, Norwest Venture",2019.0
Streamly,KOLKATA,GAMING,Pre-A,₹47 Cr,26/05/2022,Matrix Partners,2022.0
BoldFoods,PUNE,Ed-Tech,IPO,168,20-04-2021,"Prosus Ventures, Steadview Capital",2008.0
 PlayTime Games,Hyderabad,FT,series b,₹950 Cr,15-11-2020,"Accel, Y Combinator",2008.0
Games24x7,BENGALURU,PROPTECH,SEED,₹118 Cr,19-11-2019,"Lightspeed, DST Global, Temasek",2019.0
Games24x7,hyderabad,saas,bridge,₹920 Cr,15-09-2021,"Endiya Partners, TPG",2019.0
Mamaearth,NOIDA,AgriTech,series_b,117 Cr,20-03-2021,"General Atlantic, Endiya Partners, Temasek, Sequoia Capital",2015.0
CodeCraft,New Delhi,Food Tech,Pre Seed,INR 299 Crore,11/10/2017,"Kunal Shah, Kalaari Capital, Y Combinator, Info Edge",2016.0
FinSphere,PUNE,Prop-Tech,Pre Seed,35,2023/09/02,"Inventus Capital, Chiratae Ventures, Accel, Matrix Partners",2021.0
CreditMate,PUNE,E-Commerce,Series D,₹2234 Cr,04-11-2011,"Elevation Capital, Goldman Sachs, Inventus Capital",2010.0
QuickRide,Madras,TRAVELTECH,SERIES E,₹906 Cr,01-06-2018,SoftBank,2018.0
Zepto,ahmedabad,Health-Tech,Pre Series A,INR 38 Crore,2022/04/17,Info Edge,2021.0
 TutorMate,AHMEDABAD,TRAVELTECH,series e,₹1432 Cr,09/09/2018,"Goldman Sachs, Prosus Ventures",2010.0
BoAt,Gurugram,Travel-Tech,Pre-Seed,₹278 Cr,2023/02/09,"TPG, Falcon Edge",2022.0
Cred,NOIDA,FoodTech,IPO,211 Cr,05 May 2023,"TPG, Lightrock",2021.0
BoldFoods,Calcutta,Saas,PRE-SEED,INR 2218 Crore,16-01-2018,"Coatue, Elevation Capital",2017.0
HealthLink ,Bombay,FINTECH,Series D,₹475 Cr,2024/03/01,,2015.0
AgroPlus,BENGALURU,Prop-Tech,series b,726 Cr,28/05/2021,"Blume Ventures, Nexus Venture Partners",2020.0
CleanSlate,HYDERABAD,Electric Vehicles,SERIES C,INR 2204 Crore,21-06-2023,SoftBank,2021.0
GroomGuru,NOIDA,healthtech,Bridge,₹722 Cr,09-03-2022,Lightspeed,2021.0
Swiggy,GURUGRAM,BeautyTech,Series-A,726,21-10-2023,"Peak XV Partners, Y Combinator, Falcon Edge",2022.0
QuickFix,chennai,saas,SERIES E,₹55 Cr,04/02/2024,"Coatue, Prosus Ventures",2021.0
BookMyService,Noida,FoodTech,Series C,1444 Cr,18/08/2022,"Ranjan Pai, Info Edge, Blume Ventures",2020.0
StayEasy,Noida,FoodTech,Series-B,"₹2,198 Cr",20-02-2022,Temasek,2020.0
CodeCraft,hyderabad,BeautyTech,PRE-SERIES A,719,15 Jul 2023,"Falcon Edge, Naspers, Chiratae Ventures, TPG",2022.0
Pine Labs,Mumbai,AI/ML,seed,493,14-11-2020,"Coatue, DST Global",2020.0
DigiKart,gurgaon,PROPTECH,SERIES C,1430,24/03/2022,"Matrix Partners, Kunal Shah",2021.0
Cuemath,Pune,AI/ML,IPO,Undisclosed,15/07/2019,"Nexus Venture Partners, Norwest Venture, 3one4 Capital",2017.0
TechMantra,Calcutta,agritech,bridge,INR 721 Crore,09-03-2021,"Endiya Partners, B Capital, Prosus Ventures",2016.0
Swiggy,Noida,SAAS,Pre-A,₹5 Cr,2021/07/02,"DST Global, Ratan Tata",2015.0
Razorpay,Kolkata,LOGISTICS,Series-C,719,25-04-2024,"DST Global, Info Edge",2019.0
Postman,Hyderabad,EdTech,Series B,1404 Cr,03/05/2024,"Mukesh Bansal, Blume Ventures, Info Edge, TPG",2019.0
Rebel Foods,Hyderabad,Agri Tech,Series B,157,2024/01/07,Matrix Partners,2017.0
Doubtnut,KOLKATA,ecommerce,Seed,88 Cr,09/07/2012,"Elevation Capital, Chiratae Ventures",2010.0
EcoMotor,KOLKATA,HealthTech,Seed,₹41 Cr,01-03-2019,"Goldman Sachs, 3one4 Capital, Elevation Capital, Norwest Venture",2008.0
Zepto,CHENNAI,AI-ML,Bridge,24 Cr,2023/11/24,"Blume Ventures, Inventus Capital",2018.0
FastTrack Logistics,KOLKATA,Agri Tech,bridge,INR 700 Crore,08 Dec 2019,"Matrix Partners, Blume Ventures",2018.0
Freshworks,Calcutta,fintech,seed,₹468 Cr,,"Norwest Venture, Elevation Capital, Blume Ventures",2016.0
